1512	44	320	a.bacc-cta	"Visit BE Unconventional HQ"	pad 12.8px 38.4px	rad 0px	ls 1.536px	fs 10.24px Inter 600	/
1512	27	93	a.btn-amazon-link	"Storefront ↗"	pad 5.4px 9px	rad 0px	ls 0.864px	fs 8.64px JetBrains Mono 400	/gear/
1512	38.6	524	a.btn-primary-influencer	"View on Amazon Storefront"	pad 10.2px 15px	rad 0px	ls 1.1808px	fs 9.84px JetBrains Mono 700	/gear/
1512	54.8	178	a.btn-primary-influencer	"View on Amazon Storefront"	pad 10.2px 15px	rad 0px	ls 1.1808px	fs 9.84px JetBrains Mono 700	/gear/
1512	41.8	122	a.btn.btn-ghost	"Latest articles"	pad 12px 0px	rad 0px	ls 1.728px	fs 9.6px Syne 700	/about/
1512	41.8	101	a.btn.btn-ghost.asset-btn	"Download"	pad 12px 0px	rad 0px	ls 1.728px	fs 9.6px Syne 700	/press/
1512	41.8	250	a.btn.btn-ghost.writing-cta	"Read everything on Substack"	pad 12px 0px	rad 0px	ls 1.728px	fs 9.6px Syne 700	/about/
1512	41.8	182	a.btn.btn-primary	"More about me"	pad 12px 33px	rad 0px	ls 1.728px	fs 9.6px Syne 700	/,/cafe/,/about/+1
1512	41.8	202	a.btn.btn-primary.hs-cta	"See the brands ↓"	pad 12px 33px	rad 0px	ls 1.728px	fs 9.6px Syne 700	/
1512	41.8	251	a.btn.btn-primary.storefront-cta	"Browse complete kit"	pad 12px 33px	rad 0px	ls 1.728px	fs 9.6px Syne 700	/,/about/,/gear/
1512	41.8	385	a.btn.btn-secondary	"Storefront Link →"	pad 12px 33px	rad 0px	ls 1.728px	fs 9.6px Syne 700	/cafe/
1512	41.8	499	a.btn.btn-secondary.btn-block	"Shop Beverage Kit on Amazon "	pad 12px 33px	rad 0px	ls 1.728px	fs 9.6px Syne 700	/cafe/
1512	39	250	a.hub-cta	"Visit BE Unconventional HQ"	pad 10.8px 19.2px	rad 0px	ls 1.6848px	fs 9.36px JetBrains Mono 400	/brands/be-unconventional-hq/,/brands/capture-create-caffeinate/
1512	39	128	a.hub-cta.hub-cta--solid	"Book a shoot"	pad 10.8px 19.2px	rad 0px	ls 1.6848px	fs 9.36px JetBrains Mono 400	/brands/capture-create-caffeinate/
1512	63	378	a.links-btn	"YouTube@HeyThisIsAndrew"	pad 12px 15px	rad 0px	ls normal	fs 12.75px Inter 400	/links/
1512	14.8	138	a.sec-link	"See the full feed"	pad 0px 0px	rad 0px	ls 1.62px	fs 9px JetBrains Mono 500	/brands/hey-this-is-andrew/
1512	44	72	a.view-all-link	"View all work"	pad 0px 0px	rad 0px	ls 1.8px	fs 9px JetBrains Mono 500	/,/brands/be-unconventional-hq/,/brands/hey-this-is-andrew/+1
1512	44	44	button.bacc-toggle	"Pause auto-rotation"	pad 0px 0px	rad 50%	ls normal	fs 13.3333px Arial 400	/
1512	570	1152	button.bacc-trigger	"BE Unconventional HQ"	pad 0px 0px	rad 0px	ls normal	fs 12.75px Inter 400	/
1512	37	144	button.btn.btn-primary.newsletter-btn	"Subscribe"	pad 12px 33px	rad 0px	ls 1.728px	fs 9.6px Syne 700	/
1512	44	50	button.filter-tab	"All"	pad 0px 13.2px	rad 0px	ls 1.512px	fs 8.4px Inter 600	/,/latest/
1512	25.2	67	button.gear-chip	"Cameras"	pad 6.6px 11.4px	rad 0px	ls 0.864px	fs 8.64px JetBrains Mono 400	/gear/
1512	25.2	43	button.gear-chip.active	"All"	pad 6.6px 11.4px	rad 0px	ls 0.864px	fs 8.64px JetBrains Mono 700	/gear/
1512	44	117	button.nav-search-btn	"Search site (Press ⌘K or /)"	pad 0px 10.2px	rad 0px	ls normal	fs 13.3333px Arial 400	/,/work/,/cafe/+15
1512	226	338	button.photo-item	"View photo: Disco Nap - Espr"	pad 0px 0px	rad 0px	ls normal	fs 13.3333px Arial 400	/,/work/
1512	423.4	338	button.photo-item	"View photo: One of the thing"	pad 0px 0px	rad 0px	ls normal	fs 13.3333px Arial 400	/,/work/
1512	451.1	338	button.photo-item	"View photo: Hanging out at D"	pad 0px 0px	rad 0px	ls normal	fs 13.3333px Arial 400	/,/work/
1512	507.5	338	button.photo-item	"View photo: One thing became"	pad 0px 0px	rad 0px	ls normal	fs 13.3333px Arial 400	/,/work/
1512	44	44	button.storefront-dot	"Show Mint Mobile"	pad 0px 0px	rad 0px	ls normal	fs 13.3333px Arial 400	/,/about/,/gear/
1512	44	44	button.storefront-dot.is-active	"Show Verified Hardware Kit"	pad 0px 0px	rad 0px	ls normal	fs 13.3333px Arial 400	/,/about/,/gear/
1512	435.5	1419	button.stretched	"How I'm Building Creator Aut"	pad 0px 0px	rad 0px	ls normal	fs 13.3333px Arial 400	/,/work/
1512	41.8	1037	div.about-ctas	"More about meRead the Substa"	pad 0px 0px	rad 0px	ls normal	fs 12.75px Inter 400	/,/about/
1512	41.8	817	div.cafe-btn-group	"Visit Roaster →Storefront Li"	pad 0px 0px	rad 0px	ls normal	fs 12.75px Inter 400	/cafe/
1512	15.8	609	p.latest-cta	"Watch the video ↗"	pad 0px 0px	rad 0px	ls 0.768px	fs 9.6px JetBrains Mono 400	/,/work/
1512	16.2	177	span.amz-btn-text	"View on Amazon Storefront"	pad 0px 0px	rad 0px	ls 1.1808px	fs 9.84px JetBrains Mono 700	/gear/
1512	32.5	129	span.amz-btn-text	"View on Amazon Storefront"	pad 0px 0px	rad 0px	ls 1.1808px	fs 9.84px JetBrains Mono 700	/gear/
390	44	123	a.btn-amazon-link	"Storefront ↗"	pad 7.2px 12px	rad 0px	ls 1.152px	fs 11.52px JetBrains Mono 400	/gear/
390	72.5	250	a.btn-primary-influencer	"View on Amazon Storefront"	pad 13.6px 20px	rad 0px	ls 1.5744px	fs 13.12px JetBrains Mono 700	/gear/
390	55.1	162	a.btn.btn-ghost	"Latest articles"	pad 16px 0px	rad 0px	ls 2.304px	fs 12.8px Syne 700	/about/
390	55.1	129	a.btn.btn-ghost.asset-btn	"Download"	pad 16px 0px	rad 0px	ls 2.304px	fs 12.8px Syne 700	/press/
390	55.1	329	a.btn.btn-ghost.writing-cta	"Read everything on Substack"	pad 16px 0px	rad 0px	ls 2.304px	fs 12.8px Syne 700	/about/
390	55.1	242	a.btn.btn-primary	"More about me"	pad 16px 44px	rad 0px	ls 2.304px	fs 12.8px Syne 700	/,/cafe/,/about/
390	76.2	358	a.btn.btn-primary	"heythisisandrewb@gmail.com"	pad 16px 44px	rad 0px	ls 2.304px	fs 12.8px Syne 700	/press/
390	55.1	269	a.btn.btn-primary.hs-cta	"See the brands ↓"	pad 16px 44px	rad 0px	ls 2.304px	fs 12.8px Syne 700	/
390	76.2	316	a.btn.btn-primary.storefront-cta	"Browse complete kit"	pad 16px 44px	rad 0px	ls 2.304px	fs 12.8px Syne 700	/,/about/,/gear/
390	55.1	316	a.btn.btn-secondary	"Storefront Link →"	pad 16px 44px	rad 0px	ls 2.304px	fs 12.8px Syne 700	/cafe/
390	76.2	316	a.btn.btn-secondary.btn-block	"Shop Beverage Kit on Amazon "	pad 16px 44px	rad 0px	ls 2.304px	fs 12.8px Syne 700	/cafe/
390	51.4	328	a.hub-cta	"Visit BE Unconventional HQ"	pad 14.4px 25.6px	rad 0px	ls 2.2464px	fs 12.48px JetBrains Mono 400	/brands/be-unconventional-hq/
390	72	358	a.hub-cta	"Visit Capture Create Caffein"	pad 14.4px 25.6px	rad 0px	ls 2.2464px	fs 12.48px JetBrains Mono 400	/brands/capture-create-caffeinate/
390	51.4	170	a.hub-cta.hub-cta--solid	"Book a shoot"	pad 14.4px 25.6px	rad 0px	ls 2.2464px	fs 12.48px JetBrains Mono 400	/brands/capture-create-caffeinate/
390	83.4	350	a.links-btn	"YouTube@HeyThisIsAndrew"	pad 16px 20px	rad 0px	ls normal	fs 17px Inter 400	/links/
390	44	180	a.sec-link	"See the full feed"	pad 0px 0px	rad 0px	ls 2.16px	fs 12px JetBrains Mono 500	/brands/hey-this-is-andrew/
390	44	96	a.view-all-link	"View all work"	pad 0px 0px	rad 0px	ls 2.4px	fs 12px JetBrains Mono 500	/,/brands/be-unconventional-hq/,/brands/hey-this-is-andrew/+1
390	44	44	button.bacc-toggle.is-paused	"Play auto-rotation"	pad 0px 0px	rad 50%	ls normal	fs 13.3333px Arial 400	/
390	366.9	390	button.bacc-trigger	"BE Unconventional HQ"	pad 0px 0px	rad 0px	ls normal	fs 17px Inter 400	/
390	72	390	button.bacc-trigger	"Capture Create Caffeinate"	pad 0px 0px	rad 0px	ls normal	fs 17px Inter 400	/
390	49	308	button.btn.btn-primary.newsletter-btn	"Subscribe"	pad 16px 44px	rad 0px	ls 2.304px	fs 12.8px Syne 700	/
390	44	66	button.filter-tab	"All"	pad 0px 17.6px	rad 0px	ls 2.016px	fs 11.2px Inter 600	/,/latest/
390	44	89	button.gear-chip	"Cameras"	pad 8.8px 15.2px	rad 0px	ls 1.152px	fs 11.52px JetBrains Mono 400	/gear/
390	44	57	button.gear-chip.active	"All"	pad 8.8px 15.2px	rad 0px	ls 1.152px	fs 11.52px JetBrains Mono 700	/gear/
390	44	80	button.menu-btn	"Menu"	pad 0px 16px	rad 0px	ls 2.24px	fs 11.2px Syne 700	/,/work/,/cafe/+15
390	44	75	button.nav-search-btn	"Search site (Press ⌘K or /)"	pad 0px 9.6px	rad 0px	ls normal	fs 13.3333px Arial 400	/,/work/,/cafe/+15
390	230.7	173	button.photo-item	"View photo: Hanging out at D"	pad 0px 0px	rad 0px	ls normal	fs 13.3333px Arial 400	/,/work/
390	44	44	button.storefront-dot	"Show Mint Mobile"	pad 0px 0px	rad 0px	ls normal	fs 13.3333px Arial 400	/,/about/,/gear/
390	44	44	button.storefront-dot.is-active	"Show Verified Hardware Kit"	pad 0px 0px	rad 0px	ls normal	fs 13.3333px Arial 400	/,/about/,/gear/
390	496.5	356	button.stretched	"How I'm Building Creator Aut"	pad 0px 0px	rad 0px	ls normal	fs 13.3333px Arial 400	/,/work/
390	126.2	358	div.about-ctas	"More about meRead the Substa"	pad 0px 0px	rad 0px	ls normal	fs 17px Inter 400	/,/about/
390	122.2	316	div.cafe-btn-group	"Visit Roaster →Storefront Li"	pad 0px 0px	rad 0px	ls normal	fs 17px Inter 400	/cafe/
390	21.1	308	p.latest-cta	"Watch the video ↗"	pad 0px 0px	rad 0px	ls 1.024px	fs 12.8px JetBrains Mono 400	/,/work/
390	43.3	187	span.amz-btn-text	"View on Amazon Storefront"	pad 0px 0px	rad 0px	ls 1.5744px	fs 13.12px JetBrains Mono 700	/gear/
390	13	46	span.menu-btn-label	"Menu"	pad 0px 0px	rad 0px	ls 2.24px	fs 11.2px Syne 700	/,/work/,/cafe/+15
