1512	44	339	a.bacc-cta	"Visit BE Unconventional HQ"	pad 8px 24px	rad 0px	ls 2.16px	fs 12px Inter 600	/
1512	32.1	133	a.btn-amazon-link	"Storefront ↗"	pad 6px 14px	rad 0px	ls 1.98px	fs 11px JetBrains Mono 400	/gear/
1512	44	524	a.btn-primary-influencer	"View on Amazon Storefront"	pad 8px 24px	rad 0px	ls 2.16px	fs 12px JetBrains Mono 700	/gear/
1512	57.6	285	a.btn-primary-influencer	"View on Amazon Storefront"	pad 8px 24px	rad 0px	ls 2.16px	fs 12px JetBrains Mono 700	/gear/
1512	77.4	178	a.btn-primary-influencer	"View on Amazon Storefront"	pad 8px 24px	rad 0px	ls 2.16px	fs 12px JetBrains Mono 700	/gear/
1512	44	152	a.btn.btn-ghost	"Latest articles"	pad 8px 0px	rad 0px	ls 2.16px	fs 12px Syne 700	/about/
1512	44	120	a.btn.btn-ghost.asset-btn	"Download"	pad 8px 0px	rad 0px	ls 2.16px	fs 12px Syne 700	/press/
1512	44	307	a.btn.btn-ghost.writing-cta	"Read everything on Substack"	pad 8px 0px	rad 0px	ls 2.16px	fs 12px Syne 700	/about/
1512	44	193	a.btn.btn-primary	"More about me"	pad 8px 24px	rad 0px	ls 2.16px	fs 12px Syne 700	/,/cafe/,/about/+1
1512	44	216	a.btn.btn-primary.hs-cta	"See the brands ↓"	pad 8px 24px	rad 0px	ls 2.16px	fs 12px Syne 700	/
1512	44	273	a.btn.btn-primary.storefront-cta	"Browse complete kit"	pad 8px 24px	rad 0px	ls 2.16px	fs 12px Syne 700	/,/about/,/gear/
1512	44	385	a.btn.btn-secondary	"Storefront Link →"	pad 8px 24px	rad 0px	ls 2.16px	fs 12px Syne 700	/cafe/
1512	44	499	a.btn.btn-secondary.btn-block	"Shop Beverage Kit on Amazon "	pad 8px 24px	rad 0px	ls 2.16px	fs 12px Syne 700	/cafe/
1512	44	313	a.hub-cta	"Visit BE Unconventional HQ"	pad 8px 24px	rad 0px	ls 2.16px	fs 12px JetBrains Mono 400	/brands/be-unconventional-hq/,/brands/capture-create-caffeinate/
1512	44	163	a.hub-cta.hub-cta--solid	"Book a shoot"	pad 8px 24px	rad 0px	ls 2.16px	fs 12px JetBrains Mono 400	/brands/capture-create-caffeinate/
1512	63	378	a.links-btn	"YouTube@HeyThisIsAndrew"	pad 12px 15px	rad 0px	ls normal	fs 12.75px Inter 400	/links/
1512	44	178	a.sec-link	"See the full feed"	pad 0px 0px	rad 0px	ls 2.16px	fs 12px JetBrains Mono 500	/brands/hey-this-is-andrew/
1512	44	92	a.view-all-link	"View all work"	pad 0px 0px	rad 0px	ls 2.16px	fs 12px JetBrains Mono 500	/,/brands/be-unconventional-hq/,/brands/hey-this-is-andrew/+1
1512	44	44	button.bacc-toggle	"Pause auto-rotation"	pad 0px 0px	rad 50%	ls normal	fs 13.3333px Arial 400	/
1512	570	1152	button.bacc-trigger	"BE Unconventional HQ"	pad 0px 0px	rad 0px	ls normal	fs 12.75px Inter 400	/
1512	44	145	button.btn.btn-primary.newsletter-btn	"Subscribe"	pad 8px 24px	rad 0px	ls 2.16px	fs 12px Syne 700	/
1512	32	58	button.filter-tab	"All"	pad 6px 14px	rad 0px	ls 1.98px	fs 11px Inter 600	/,/latest/
1512	32	90	button.gear-chip	"Cameras"	pad 6px 14px	rad 0px	ls 1.98px	fs 11px JetBrains Mono 400	/gear/
1512	32	56	button.gear-chip.active	"All"	pad 6px 14px	rad 0px	ls 1.98px	fs 11px JetBrains Mono 700	/gear/
1512	44	109	button.nav-search-btn	"Search site"	pad 0px 14px	rad 0px	ls normal	fs 13.3333px Arial 400	/,/work/,/cafe/+15
1512	226	338	button.photo-item	"View photo: Disco Nap - Espr"	pad 0px 0px	rad 0px	ls normal	fs 13.3333px Arial 400	/,/work/
1512	423.4	338	button.photo-item	"View photo: One of the thing"	pad 0px 0px	rad 0px	ls normal	fs 13.3333px Arial 400	/,/work/
1512	451.1	338	button.photo-item	"View photo: Hanging out at D"	pad 0px 0px	rad 0px	ls normal	fs 13.3333px Arial 400	/,/work/
1512	507.5	338	button.photo-item	"View photo: One thing became"	pad 0px 0px	rad 0px	ls normal	fs 13.3333px Arial 400	/,/work/
1512	44	44	button.storefront-dot	"Show Mint Mobile"	pad 0px 0px	rad 0px	ls normal	fs 13.3333px Arial 400	/,/about/,/gear/
1512	44	44	button.storefront-dot.is-active	"Show Verified Hardware Kit"	pad 0px 0px	rad 0px	ls normal	fs 13.3333px Arial 400	/,/about/,/gear/
1512	435.5	1419	button.stretched	"How I'm Building Creator Aut"	pad 0px 0px	rad 0px	ls normal	fs 13.3333px Arial 400	/,/work/
1512	44	1037	div.about-ctas	"More about meRead the Substa"	pad 0px 0px	rad 0px	ls normal	fs 12.75px Inter 400	/,/about/
1512	44	817	div.cafe-btn-group	"Visit Roaster →Storefront Li"	pad 0px 0px	rad 0px	ls normal	fs 12.75px Inter 400	/cafe/
1512	15.8	609	p.latest-cta	"Watch the video ↗"	pad 0px 0px	rad 0px	ls 0.768px	fs 9.6px JetBrains Mono 400	/,/work/
1512	19.8	235	span.amz-btn-text	"View on Amazon Storefront"	pad 0px 0px	rad 0px	ls 2.16px	fs 12px JetBrains Mono 700	/gear/
1512	39.6	215	span.amz-btn-text	"View on Amazon Storefront"	pad 0px 0px	rad 0px	ls 2.16px	fs 12px JetBrains Mono 700	/gear/
1512	59.4	114	span.amz-btn-text	"View on Amazon Storefront"	pad 0px 0px	rad 0px	ls 2.16px	fs 12px JetBrains Mono 700	/gear/
390	32.1	133	a.btn-amazon-link	"Storefront ↗"	pad 6px 14px	rad 0px	ls 1.98px	fs 11px JetBrains Mono 400	/gear/
390	57.6	250	a.btn-primary-influencer	"View on Amazon Storefront"	pad 8px 24px	rad 0px	ls 2.16px	fs 12px JetBrains Mono 700	/gear/
390	44	152	a.btn.btn-ghost	"Latest articles"	pad 8px 0px	rad 0px	ls 2.16px	fs 12px Syne 700	/about/
390	44	123	a.btn.btn-ghost.asset-btn	"Download"	pad 8px 0px	rad 0px	ls 2.16px	fs 12px Syne 700	/press/
390	44	307	a.btn.btn-ghost.writing-cta	"Read everything on Substack"	pad 8px 0px	rad 0px	ls 2.16px	fs 12px Syne 700	/about/
390	44	193	a.btn.btn-primary	"More about me"	pad 8px 24px	rad 0px	ls 2.16px	fs 12px Syne 700	/,/cafe/,/about/
390	46.8	358	a.btn.btn-primary	"heythisisandrewb@gmail.com"	pad 8px 24px	rad 0px	ls 2.16px	fs 12px Syne 700	/press/
390	44	216	a.btn.btn-primary.hs-cta	"See the brands ↓"	pad 8px 24px	rad 0px	ls 2.16px	fs 12px Syne 700	/
390	44	273	a.btn.btn-primary.storefront-cta	"Browse complete kit"	pad 8px 24px	rad 0px	ls 2.16px	fs 12px Syne 700	/,/about/,/gear/
390	44	316	a.btn.btn-secondary	"Storefront Link →"	pad 8px 24px	rad 0px	ls 2.16px	fs 12px Syne 700	/cafe/
390	46.8	316	a.btn.btn-secondary.btn-block	"Shop Beverage Kit on Amazon "	pad 8px 24px	rad 0px	ls 2.16px	fs 12px Syne 700	/cafe/
390	44	316	a.hub-cta	"Visit BE Unconventional HQ"	pad 8px 24px	rad 0px	ls 2.16px	fs 12px JetBrains Mono 400	/brands/be-unconventional-hq/
390	57.6	358	a.hub-cta	"Visit Capture Create Caffein"	pad 8px 24px	rad 0px	ls 2.16px	fs 12px JetBrains Mono 400	/brands/capture-create-caffeinate/
390	44	163	a.hub-cta.hub-cta--solid	"Book a shoot"	pad 8px 24px	rad 0px	ls 2.16px	fs 12px JetBrains Mono 400	/brands/capture-create-caffeinate/
390	83.4	350	a.links-btn	"YouTube@HeyThisIsAndrew"	pad 16px 20px	rad 0px	ls normal	fs 17px Inter 400	/links/
390	44	180	a.sec-link	"See the full feed"	pad 0px 0px	rad 0px	ls 2.16px	fs 12px JetBrains Mono 500	/brands/hey-this-is-andrew/
390	44	94	a.view-all-link	"View all work"	pad 0px 0px	rad 0px	ls 2.16px	fs 12px JetBrains Mono 500	/,/brands/be-unconventional-hq/,/brands/hey-this-is-andrew/+1
390	44	44	button.bacc-toggle.is-paused	"Play auto-rotation"	pad 0px 0px	rad 50%	ls normal	fs 13.3333px Arial 400	/
390	366.9	390	button.bacc-trigger	"BE Unconventional HQ"	pad 0px 0px	rad 0px	ls normal	fs 17px Inter 400	/
390	72	390	button.bacc-trigger	"Capture Create Caffeinate"	pad 0px 0px	rad 0px	ls normal	fs 17px Inter 400	/
390	44	308	button.btn.btn-primary.newsletter-btn	"Subscribe"	pad 8px 24px	rad 0px	ls 2.16px	fs 12px Syne 700	/
390	32	58	button.filter-tab	"All"	pad 6px 14px	rad 0px	ls 1.98px	fs 11px Inter 600	/,/latest/
390	32	90	button.gear-chip	"Cameras"	pad 6px 14px	rad 0px	ls 1.98px	fs 11px JetBrains Mono 400	/gear/
390	32	56	button.gear-chip.active	"All"	pad 6px 14px	rad 0px	ls 1.98px	fs 11px JetBrains Mono 700	/gear/
390	44	75	button.menu-btn	"Menu"	pad 0px 14px	rad 0px	ls 1.98px	fs 11px Syne 700	/,/work/,/cafe/+15
390	44	44	button.nav-search-btn	"Search site"	pad 0px 0px	rad 0px	ls normal	fs 13.3333px Arial 400	/,/work/,/cafe/+15
390	230.7	173	button.photo-item	"View photo: Hanging out at D"	pad 0px 0px	rad 0px	ls normal	fs 13.3333px Arial 400	/,/work/
390	44	44	button.storefront-dot	"Show Mint Mobile"	pad 0px 0px	rad 0px	ls normal	fs 13.3333px Arial 400	/,/about/,/gear/
390	44	44	button.storefront-dot.is-active	"Show Verified Hardware Kit"	pad 0px 0px	rad 0px	ls normal	fs 13.3333px Arial 400	/,/about/,/gear/
390	496.5	356	button.stretched	"How I'm Building Creator Aut"	pad 0px 0px	rad 0px	ls normal	fs 13.3333px Arial 400	/,/work/
390	104	358	div.about-ctas	"More about meRead the Substa"	pad 0px 0px	rad 0px	ls normal	fs 17px Inter 400	/,/about/
390	100	316	div.cafe-btn-group	"Visit Roaster →Storefront Li"	pad 0px 0px	rad 0px	ls normal	fs 17px Inter 400	/cafe/
390	21.1	308	p.latest-cta	"Watch the video ↗"	pad 0px 0px	rad 0px	ls 1.024px	fs 12.8px JetBrains Mono 400	/,/work/
390	39.6	179	span.amz-btn-text	"View on Amazon Storefront"	pad 0px 0px	rad 0px	ls 2.16px	fs 12px JetBrains Mono 700	/gear/
390	13	45	span.menu-btn-label	"Menu"	pad 0px 0px	rad 0px	ls 1.98px	fs 11px Syne 700	/,/work/,/cafe/+15
